{"cameraMode":{"drawMode":0,"name":"Shaded","section":"Shading Mode"},"sceneLighting":true,"audioPlay":false,"sceneViewState":{"showFog":true,"showMaterialUpdate":false,"showSkybox":true,"showFlares":true,"showImageEffects":true,"showParticleSystems":true},"in2DMode":false,"pivot":{"x":0.29830577969551089,"y":-0.34027552604675295,"z":-12.91981029510498},"rotation":{"x":1.0620988533105447e-8,"y":0.9970762729644775,"z":-0.07642535865306854,"w":8.455902644755042e-8},"size":13.464515686035157,"orthographic":false}