{"cameraMode":{"drawMode":0,"name":"Shaded","section":"Shading Mode"},"sceneLighting":false,"audioPlay":false,"sceneViewState":{"showFog":true,"showMaterialUpdate":false,"showSkybox":false,"showFlares":true,"showImageEffects":true,"showParticleSystems":true},"in2DMode":false,"pivot":{"x":0.6846696138381958,"y":1.1979999542236329,"z":-1.8919999599456788},"rotation":{"x":-0.0437685064971447,"y":0.9348838925361633,"z":-0.12412647902965546,"w":-0.32965168356895449},"size":0.3423635959625244,"orthographic":true}