{"cameraMode":{"drawMode":0,"name":"Shaded","section":"Shading Mode"},"sceneLighting":true,"audioPlay":false,"sceneViewState":{"showFog":true,"showMaterialUpdate":false,"showSkybox":true,"showFlares":true,"showImageEffects":true,"showParticleSystems":true},"in2DMode":false,"pivot":{"x":0.15444475412368775,"y":1.699422001838684,"z":0.3921564817428589},"rotation":{"x":0.011195911094546318,"y":-0.9653794765472412,"z":0.04202082008123398,"w":0.25722306966781618},"size":2.365516424179077,"orthographic":true}